[
  {
    "id": 1,
    "question": "Which feature of AWS allows an international company to provide low latency applications for its customers around the world ?",
    "options": [
      "Elasticity",
      "Fault tolerance",
      "High availability",
      "Global reach"
    ],
    "explanation": "",
    "category": "Uncategorized",
    "correct_answers": [
      "Global reach"
    ],
    "timestamp_in_video": "00:01:41.059"
  },
  {
    "id": 2,
    "question": "Which tool can be used to view your AWS costs and usage of the past months, and to get a better idea of what your AWS costs may look like in the future ?",
    "options": [
      "TCO Calculator (Total Cost of Ownership Calculator)",
      "AWS Cost Explorer",
      "AWS Budgets",
      "AWS Simple Monthly Calculator"
    ],
    "explanation": "Reference : https://myrestraining.com/aws/aws-certified-cloud-practitioner/aws-cost-explorer",
    "category": "Uncategorized",
    "correct_answers": [
      "AWS Cost Explorer"
    ],
    "timestamp_in_video": "00:03:30.752"
  },
  {
    "id": 3,
    "question": "Which of the following services provides on-demand access to AWS\u2019 security and compliance reports ?",
    "options": [
      "AWS Artifact",
      "AWS Trusted Advisor",
      "AWS CloudTrail",
      "Amazon Inspector"
    ],
    "explanation": "Reference : if",
    "category": "Uncategorized",
    "correct_answers": [
      "AWS Artifact"
    ],
    "timestamp_in_video": "00:04:30.728"
  },
  {
    "id": 4,
    "question": "Which AWS characteristic describes the ability to acquire resources as you need them and release resources when you no longer need them ?",
    "options": [
      "High Availability",
      "Agility",
      "Elasticity",
      "Durability"
    ],
    "explanation": "Reference : tps://myr",
    "category": "Uncategorized",
    "correct_answers": [
      "Elasticity"
    ],
    "timestamp_in_video": "00:05:30.788"
  },
  {
    "id": 5,
    "question": "Which of the following services are AWS database service ? (Choose Two)",
    "options": [
      "Amazon RDS",
      "Amazon Route 53",
      "Amazon S3",
      "Amazon RedShift"
    ],
    "explanation": "",
    "category": "Uncategorized",
    "correct_answers": [
      "Amazon RDS",
      "Amazon RedShift"
    ],
    "timestamp_in_video": "00:06:30.807"
  },
  {
    "id": 6,
    "question": "Which of the following statements are true ? (Choose Two)",
    "options": [
      "Amazon CloudFront service enables caching content at Edge Locations for fast distribution to customers.",
      "There are more Availability Zones than Edge Locations, and more Edge Locations than Regions.",
      "There are more Edge Locations than Availability Zones, and more Availability Zones than Regions.",
      "There are more Regions than Edge Locations, and more Edge Locations than Availability Zones."
    ],
    "explanation": "Reference :",
    "category": "Uncategorized",
    "correct_answers": [
      "Amazon CloudFront service enables caching content at Edge Locations for fast distribution to customers.",
      "There are more Edge Locations than Availability Zones, and more Availability Zones than Regions."
    ],
    "timestamp_in_video": "00:07:30.783"
  },
  {
    "id": 7,
    "question": "Which of the following is one of the design principles related to Reliability in the cloud ?",
    "options": [
      "Protect data in transit and at rest",
      "Automatically recover from failure",
      "Perform operations as code",
      "Go global in minutes"
    ],
    "explanation": "Reference :",
    "category": "Uncategorized",
    "correct_answers": [
      "Automatically recover from failure"
    ],
    "timestamp_in_video": "00:08:30.843"
  },
  {
    "id": 8,
    "question": "Which of the following is an AWS Domain Name System (DNS) web service ?",
    "options": [
      "Amazon Route 53",
      "Amazon Lightsail",
      "AWS Snowball",
      "AWS Direct Connect"
    ],
    "explanation": "Reference : ://myrestraining.com/aws/ rtified-cloud-practitioner/amazon-route-53/",
    "category": "Uncategorized",
    "correct_answers": [
      "Amazon Route 53"
    ],
    "timestamp_in_video": "00:09:30.820"
  },
  {
    "id": 9,
    "question": "Which of the following statements are true ? (Choose Two)",
    "options": [
      "\u201cEnterprise\u201d AWS Support plan includes Infrastructure Event Management for additional fee.",
      "\u201cEnterprise\u201d AWS Support plan includes Infrastructure Event Management without additional fee.",
      "\u201cBusiness\u201d AWS Support plan includes Infrastructure Event Management for additional fee.",
      "\u201cBusiness\u201d AWS Support plan does not include Infrastructure Event Management."
    ],
    "explanation": "Reference :",
    "category": "Uncategorized",
    "correct_answers": [
      "\u201cEnterprise\u201d AWS Support plan includes Infrastructure Event Management without additional fee.",
      "\u201cBusiness\u201d AWS Support plan includes Infrastructure Event Management for additional fee."
    ],
    "timestamp_in_video": "00:10:30.921"
  },
  {
    "id": 10,
    "question": "Under the AWS shared responsibility model, which of the following is the responsibility of AWS ?",
    "options": [
      "Firewall Configuration",
      "Physical security of infrastructure",
      "Patching guest operating systems",
      "Security groups configuration"
    ],
    "explanation": "Reference : ://myrestraining.",
    "category": "Uncategorized",
    "correct_answers": [
      "Physical security of infrastructure"
    ],
    "timestamp_in_video": "00:11:30.898"
  },
  {
    "id": 11,
    "question": "Which of the following helps secure access to an AWS account ?",
    "options": [
      "Use Cloudwatch Logs Insights",
      "Enable AWS Organizations",
      "Activate multi-factor authentication (MFA)",
      "Enable AWS Config"
    ],
    "explanation": "Reference : https://myr inin /aws/aws-certified-cloud-practitioner/multi-factor-authentication-mfa-in-aws",
    "category": "Uncategorized",
    "correct_answers": [
      "Activate multi-factor authentication (MFA)"
    ],
    "timestamp_in_video": "00:12:30.916"
  },
  {
    "id": 12,
    "question": "Which AWS service provides Centralized management and Consolidated billing for all your AWS accounts ?",
    "options": [
      "AWS CloudTrail",
      "AWS Organizations",
      "AWS CloudWatch",
      "AWS Direct Connect"
    ],
    "explanation": "Reference : s://",
    "category": "Uncategorized",
    "correct_answers": [
      "AWS Organizations"
    ],
    "timestamp_in_video": "00:13:30.976"
  },
  {
    "id": 13,
    "question": "Which services belong all to the AWS serverless platform ?",
    "options": [
      "AWS Lambda, AWS Fargate, Amazon S3, Amazon EFS, Amazon DynamoDB, Amazon API Gateway, Amazon SNS, AWS Step Functions, Amazon EC2, Amazon Athena.",
      "AWS Lambda, AWS Fargate, Amazon S3, Amazon EFS, Amazon DynamoDB, Amazon API Gateway, Amazon SNS, AWS Step Functions, Amazon Kinesis, Amazon Athena.",
      "Amazon Lambda, AWS Fargate, Amazon S3, Amazon EFS, Amazon Lightsail, Amazon API Gateway, Amazon SNS, AWS Step Functions, Amazon Kinesis, Amazon Athena.",
      "Amazon Lambda, AWS Fargate, Amazon S3, Amazon RDS, Amazon DynamoDB, Amazon API Gateway, Amazon SNS, AWS Step Functions, Amazon Kinesis, Amazon Athena."
    ],
    "explanation": "",
    "category": "Uncategorized",
    "correct_answers": [
      "Amazon Lambda, AWS Fargate, Amazon S3, Amazon EFS, Amazon Lightsail, Amazon API Gateway, Amazon SNS, AWS Step Functions, Amazon Kinesis, Amazon Athena."
    ],
    "timestamp_in_video": "00:14:30.995"
  },
  {
    "id": 14,
    "question": "Which of the following services have Distributed Denial of Service DDoS attack mitigation features ?",
    "options": [
      "AWS KMS",
      "Amazon Route 53",
      "AWS CloudTrail",
      "AWS WAF"
    ],
    "explanation": "Reference : /imyr ini",
    "category": "Uncategorized",
    "correct_answers": [
      "Amazon Route 53",
      "AWS WAF"
    ],
    "timestamp_in_video": "00:15:31.013"
  },
  {
    "id": 15,
    "question": "Under the AWS shared responsibility model, who is responsible for Security and Compliance ?",
    "options": [
      "AWS is responsible.",
      "The customer is responsible.",
      "AWS and the customer share responsibility.",
      "AWS is responsible for Security, and the customer is responsible for Compliance."
    ],
    "explanation": "",
    "category": "Uncategorized",
    "correct_answers": [
      "AWS and the customer share responsibility."
    ],
    "timestamp_in_video": "00:16:31.073"
  },
  {
    "id": 16,
    "question": "Which AWS service can you use to establish dedicated network connection between your on-premises applications and AWS resources ?",
    "options": [
      "AWS Snowball",
      "AWS Storage Gateway",
      "AWS Shield",
      "AWS Direct Connect"
    ],
    "explanation": "Reference : ttos:",
    "category": "Uncategorized",
    "correct_answers": [
      "AWS Direct Connect"
    ],
    "timestamp_in_video": "00:17:31.050"
  },
  {
    "id": 17,
    "question": "Which of the following are advantages of Cloud Computing ? (Choose Two)",
    "options": [
      "Stop worrying about Security",
      "Trade capital expense for variable expense",
      "Compliance with all local regulations",
      "Benefit from massive economies of scale"
    ],
    "explanation": "Reference : https://myrestraining.com/aws/aws-certified-cloud-practitioner/six-advantages-of-cloud-computing/",
    "category": "Uncategorized",
    "correct_answers": [
      "Trade capital expense for variable expense",
      "Benefit from massive economies of scale"
    ],
    "timestamp_in_video": "00:18:31.110"
  },
  {
    "id": 18,
    "question": "Which AWS Calculator can be used to estimate the cost savings when using AWS Cloud instead of using on-premises or traditional hosting environments ?",
    "options": [
      "AWS Cost Explorer",
      "AWS Budgets",
      "AWS Total Cost of Ownership Calculator (TCO Calculator)",
      "AWS Simple Monthly Calculator"
    ],
    "explanation": "Reference : ttps://myrestraining.com/aws/aws-~",
    "category": "Uncategorized",
    "correct_answers": [
      "AWS Total Cost of Ownership Calculator (TCO Calculator)"
    ],
    "timestamp_in_video": "00:19:31.086"
  },
  {
    "id": 19,
    "question": "Which of the following are included in the \u201cEntreprise\u201d AWS Support plan ? (Choose Two)",
    "options": [
      "Adesignated Technical Account Manager (TAM)",
      "Code development",
      "Well-Architected Reviews, and Operations Reviews",
      "Performing system administration tasks"
    ],
    "explanation": "Reference :",
    "category": "Uncategorized",
    "correct_answers": [
      "Adesignated Technical Account Manager (TAM)",
      "Well-Architected Reviews, and Operations Reviews"
    ],
    "timestamp_in_video": "00:20:31.146"
  },
  {
    "id": 20,
    "question": "Which of the following is the Amazon EC2 pricing model that gives the highest discount ?",
    "options": [
      "No upfront reserved instances for a 3 year term",
      "All upfront reserved instances for a 1 year term",
      "Partial upfront reserved instances for a 1 year term",
      "All upfront reserved instances for a 3 year term"
    ],
    "explanation": "Explanation : You get get the best discount when you pay all upfront your Rls (Reserved instances) for 3 a year term. Reference : https://aws.am: .com, ricing/re /pricing/",
    "category": "Uncategorized",
    "correct_answers": [
      "All upfront reserved instances for a 3 year term"
    ],
    "timestamp_in_video": "00:21:31.206"
  },
  {
    "id": 21,
    "question": "Which of the following AWS services can be used to store and archive data for 5 years at the lowest cost ?",
    "options": [
      "Amazon S3 Glacier",
      "Amazon S3",
      "Amazon EFS",
      "Amazon Snowball"
    ],
    "explanation": "Reference :",
    "category": "Uncategorized",
    "correct_answers": [
      "Amazon S3 Glacier"
    ],
    "timestamp_in_video": "00:22:31.224"
  },
  {
    "id": 22,
    "question": "experiencing events that may impact your AWS resources ?",
    "options": [
      "AWS Service Health Dashboard",
      "AWS Personal Health Dashboard",
      "AWS Cloudwatch",
      "AWS X-Ray"
    ],
    "explanation": "Reference : https://myr ini Which AWS service provides alerts and remediation guidance when AWS is",
    "category": "Uncategorized",
    "correct_answers": [
      "AWS Personal Health Dashboard"
    ],
    "timestamp_in_video": "00:23:31.284"
  },
  {
    "id": 23,
    "question": "A.",
    "options": [
      "",
      "Cc. Dz. Compared to traditional data centers, AWS Cloud has : Fixed usage and upfront costs Lower variable costs and greater upfront costs. Lower variable costs and lower upfront costs. Greater variable costs and greater upfront costs."
    ],
    "explanation": "Explanation : AWS offers low, pay-as-you-go pricing with no up-front expenses or long-term commitments.",
    "category": "Uncategorized",
    "correct_answers": [],
    "timestamp_in_video": "00:24:31.303"
  },
  {
    "id": 24,
    "question": "Where can you find software listings from independent software vendors that make it easy to find, test, buy, and deploy software that runs on AWS ?",
    "options": [
      "AWS CloudSearch",
      "Amazon Lightsail",
      "Amazon Athena",
      "AWS Marketplace"
    ],
    "explanation": "Explanation : AWS Marketplace is a digital catalog with thousands of software listings from independent software vendors that make it easy to find, test, buy, and deploy software that runs on AWS.",
    "category": "Uncategorized",
    "correct_answers": [
      "AWS Marketplace"
    ],
    "timestamp_in_video": "00:25:31.279"
  },
  {
    "id": 25,
    "question": "Which of the following statements are true ? (Choose Two)",
    "options": [
      "Spot Instances are a cost-effective choice if you can be flexible about when your applications run and if your applications can be interrupted.",
      "The hourly price for Spot Instances varies based on demand.",
      "Spot Instances are available for more than the On-Demand Instances price.",
      "Spot Instances are recommended for applications whose Service Level Agreement (SLA) requires 99% uptime."
    ],
    "explanation": "Reference :",
    "category": "Uncategorized",
    "correct_answers": [
      "Spot Instances are a cost-effective choice if you can be flexible about when your applications run and if your applications can be interrupted.",
      "The hourly price for Spot Instances varies based on demand."
    ],
    "timestamp_in_video": "00:26:31.339"
  },
  {
    "id": 26,
    "question": "D.",
    "options": [
      "",
      "",
      "Cc. AWS TCO calculator helps customers to do a TCO (Total Cost of Ownership) comparison between on-premises infrastructure and AWS. Which of the following are contributors of the overall cost ? (Choose Two) Facilities costs Network costs Data transfer costs IT labor costs"
    ],
    "explanation": "Reference :",
    "category": "Uncategorized",
    "correct_answers": [
      ""
    ],
    "timestamp_in_video": "00:27:31.358"
  },
  {
    "id": 27,
    "question": "Which AWS service allows you to codify your infrastructure and treat it as just code ?",
    "options": [
      "AWS CodeDeploy",
      "AWS CloudFormation",
      "AWS OpsWorks",
      "AWS CodePipeline"
    ],
    "explanation": "Reference :",
    "category": "Uncategorized",
    "correct_answers": [
      "AWS CloudFormation"
    ],
    "timestamp_in_video": "00:28:31.376"
  },
  {
    "id": 28,
    "question": "If you suspect that my AWS account is compromised, what should you do ? (Choose Two)",
    "options": [
      "Delete your AWS account root user password.",
      "Delete all your AWS resources.",
      "Delete any potentially compromised IAM users and any resources you didn\u2019t create, and change the password for all other IAM users.",
      "Respond to any notifications you received from AWS Support through the AWS Support Center."
    ],
    "explanation": "Reference :",
    "category": "Uncategorized",
    "correct_answers": [
      "Delete any potentially compromised IAM users and any resources you didn\u2019t create, and change the password for all other IAM users.",
      "Respond to any notifications you received from AWS Support through the AWS Support Center."
    ],
    "timestamp_in_video": "00:29:31.436"
  },
  {
    "id": 29,
    "question": "How can you enable Multi-Factor Authentication (MFA) for an AWS account, via a browser-based interface ?",
    "options": [
      "By using IAM service via the AWS Command Line Tools",
      "By using IAM service via the AWS Management Console",
      "By using Amazon EC2 service via he AWS SDKs",
      "By using the IAM HTTPS API"
    ],
    "explanation": "",
    "category": "Uncategorized",
    "correct_answers": [
      "By using IAM service via the AWS Management Console"
    ],
    "timestamp_in_video": "00:30:31.496"
  },
  {
    "id": 30,
    "question": "Under the AWS shared responsibility model, which of the following is the responsibility of the customer ?",
    "options": [
      "Physical security of infrastructure",
      "Environmental risk management",
      "AWS IAM policies",
      "Edge locations management"
    ],
    "explanation": "Reference : /imyr ini",
    "category": "Uncategorized",
    "correct_answers": [
      "AWS IAM policies"
    ],
    "timestamp_in_video": "00:31:31.514"
  },
  {
    "id": 31,
    "question": "Which of the following is not part of IAM identities ?",
    "options": [
      "1AM Groups",
      "IAM Users",
      "IAM Roles",
      "IAM Policies"
    ],
    "explanation": "",
    "category": "Uncategorized",
    "correct_answers": [
      "IAM Policies"
    ],
    "timestamp_in_video": "00:32:31.574"
  },
  {
    "id": 32,
    "question": "Which of the following are advantages of moving to AWS Cloud ? (Choose Two)",
    "options": [
      "Time to Market reduced",
      "No need to guess capacity requirements",
      "Upfront capital expenditure increased.",
      "Fixed rate cost"
    ],
    "explanation": "Reference : //myr ini",
    "category": "Uncategorized",
    "correct_answers": [
      "Time to Market reduced",
      "No need to guess capacity requirements"
    ],
    "timestamp_in_video": "00:33:31.634"
  },
  {
    "id": 33,
    "question": "A.",
    "options": [
      "",
      "Cc. Dz. Which IAM feature allows users to interact with AWS services through the AWS Command Line Interface (AWS CLI) ? Username/Password API Key SSH Key AWS KMS Key"
    ],
    "explanation": "",
    "category": "Uncategorized",
    "correct_answers": [],
    "timestamp_in_video": "00:34:31.652"
  },
  {
    "id": 34,
    "question": "What is the minimum AWS support plan that provides full set of AWS Trusted Advisor checks, and 24x7 phone, email, and chat access to Cloud Support Engineers ?",
    "options": [
      "Enterprise",
      "Business",
      "Developer",
      "Basic"
    ],
    "explanation": "Reference : https: ; jn. /premiumsu",
    "category": "Uncategorized",
    "correct_answers": [
      "Business"
    ],
    "timestamp_in_video": "00:35:31.671"
  },
  {
    "id": 35,
    "question": "Reference : Which AWS service can be used to monitor and retain AWS account activity related to actions across your AWS infrastructure ?",
    "options": [
      "AWS KMS",
      "AWS CloudTrail",
      "Amazon CloudFront",
      "Amazon Athena"
    ],
    "explanation": "",
    "category": "Uncategorized",
    "correct_answers": [
      "AWS CloudTrail"
    ],
    "timestamp_in_video": "00:36:31.647"
  },
  {
    "id": 36,
    "question": "Which of the following services can be used to automate software deployments to your AWS compute services and your on-premises servers ?",
    "options": [
      "AWS CodeDeploy",
      "AWS CodeCommit",
      "AWS Elastic Beanstalk",
      "AWS OpsWOrks"
    ],
    "explanation": "Reference : https://myre:",
    "category": "Uncategorized",
    "correct_answers": [
      "AWS CodeDeploy",
      "AWS OpsWOrks"
    ],
    "timestamp_in_video": "00:37:31.749"
  },
  {
    "id": 37,
    "question": "h",
    "options": [
      "",
      "",
      "",
      "Which of the following are financial benefits of moving to the AWS Cloud ? (Choose Two) Increased CAPEX (Capital Expenses) Reduced TCO (Total Cost of Ownership) Increased OPEX (Operational Expenses) Reduced OPEX (Operational Expenses)"
    ],
    "explanation": "Reference : myrestraining.",
    "category": "Uncategorized",
    "correct_answers": [
      "",
      "Which of the following are financial benefits of moving to the AWS Cloud ? (Choose Two) Increased CAPEX (Capital Expenses) Reduced TCO (Total Cost of Ownership) Increased OPEX (Operational Expenses) Reduced OPEX (Operational Expenses)"
    ],
    "timestamp_in_video": "00:38:31.726"
  },
  {
    "id": 38,
    "question": "Which AWS service can be used to host a static website ?",
    "options": [
      "Amazon Elastic Block Store (EBS)",
      "Amazon Elastic File System (EFS)",
      "Amazon Route 53",
      "Amazon S3"
    ],
    "explanation": "Reference : https://myrestraining.com/aws/aws-certified-cloud-practitioner/hosting-a-static-website-on-amazon-s3/",
    "category": "Uncategorized",
    "correct_answers": [
      "Amazon S3"
    ],
    "timestamp_in_video": "00:39:31.744"
  },
  {
    "id": 39,
    "question": "Which AWS calculator allows you to estimate the monthly cost of AWS services based on your expected usage ?",
    "options": [
      "AWS Cost Explorer",
      "AWS Simple Monthly Calculator",
      "AWS Total Cost of Ownership Calculator (TCO Calculator)",
      "AWS Budgets"
    ],
    "explanation": "",
    "category": "Uncategorized",
    "correct_answers": [
      "AWS Simple Monthly Calculator"
    ],
    "timestamp_in_video": "00:40:31.804"
  },
  {
    "id": 40,
    "question": "You can design your systems in the AWS cloud to be able to withstand the failure of an individual or multiple components. This is an example of which AWS characteristic ?",
    "options": [
      "Agility",
      "Elasticity",
      "High Availability",
      "Scalability"
    ],
    "explanation": "Reference : https://wa.aws.amazon.com/wat.question.REL_7.en.htm",
    "category": "Uncategorized",
    "correct_answers": [
      "High Availability"
    ],
    "timestamp_in_video": "00:41:31.822"
  },
  {
    "id": 41,
    "question": "Which of the following services offers automatic scaling to make your applications fault tolerant ?",
    "options": [
      "Amazon Direct Connect",
      "Amazon EMR",
      "Elastic Load Balancing",
      "AWS Web Application Firewall (AWS WAF)"
    ],
    "explanation": "Reference :",
    "category": "Uncategorized",
    "correct_answers": [
      "Elastic Load Balancing"
    ],
    "timestamp_in_video": "00:42:31.840"
  },
  {
    "id": 42,
    "question": "Which of the following are important design principles for AWS Cloud Architecture ? (Choose Two)",
    "options": [
      "Use open source software",
      "Implement loose coupling",
      "Be sure to remove single points of failure",
      "Implement tight coupling"
    ],
    "explanation": "",
    "category": "Uncategorized",
    "correct_answers": [
      "Implement loose coupling",
      "Be sure to remove single points of failure"
    ],
    "timestamp_in_video": "00:43:31.859"
  },
  {
    "id": 43,
    "question": "Which of the following describes Hybrid Cloud architecture on AWS ?",
    "options": [
      "All resources run on AWS.",
      "All resources run on premises infrastructure",
      "Some resources run in AWS and some run on premises",
      "Some resources ru in AWS and some run in another Public Cloud Provider."
    ],
    "explanation": "Explanation : Enterprise environments are often a mix of cloud and on-premises data centers. Hybrid cloud architectures help organizations integrate their on-premises and cloud operations to support a broad spectrum of use cases using a common set of cloud services, tools, and APIs across on-premises and cloud environments.",
    "category": "Uncategorized",
    "correct_answers": [
      "Some resources run in AWS and some run on premises"
    ],
    "timestamp_in_video": "00:44:31.877"
  },
  {
    "id": 44,
    "question": "Which of the following services enables you to assess, audit, and evaluate the configurations your AWS resources ?",
    "options": [
      "Amazon Inspector",
      "AWS Config",
      "Amazon GuardDuty",
      "Amazon CloudWatch"
    ],
    "explanation": "Reference : ://myrestraining.com/aws/aws-certified-cloud-practitioner/aws-confi",
    "category": "Uncategorized",
    "correct_answers": [
      "AWS Config"
    ],
    "timestamp_in_video": "00:45:31.895"
  },
  {
    "id": 45,
    "question": "You want to be notified when your AWS usage costs exceed (or are forecasted to exceed) a specific dollar amount. Which one of the following AWS services provides you this feature ?",
    "options": [
      "AWS Budgets",
      "AWS Cost Explorer",
      "AWS Trusted Advisor",
      "AWS QuickSight"
    ],
    "explanation": "Reference : lh ining. -certified-cloud- itioner/aws- /",
    "category": "Uncategorized",
    "correct_answers": [
      "AWS Budgets"
    ],
    "timestamp_in_video": "00:46:31.914"
  },
  {
    "id": 46,
    "question": "Acompany wants to migrate to AWS its non interruptible application for a 3 year period. Which of the following is the EC2 pricing model that provides the most cost effective solution ?",
    "options": [
      "Amazon EC2 Dedicated Hosts.",
      "Amazon EC2 Reserved Instances.",
      "Amazon EC2 Spot Instances.",
      "Amazon EC2 On-Demand Instances."
    ],
    "explanation": "Reference :",
    "category": "Uncategorized",
    "correct_answers": [
      "Amazon EC2 Reserved Instances."
    ],
    "timestamp_in_video": "00:47:31.974"
  },
  {
    "id": 47,
    "question": "Which of the following is an architectural best practice ?",
    "options": [
      "Deploy into multiple availability zones",
      "Deploy into a single availability zone",
      "Implement Tight Coupling",
      "Create monolithic architectures"
    ],
    "explanation": "Explanation : If you distribute your resources for example EC2 instances across multiple Availability Zones and one Instances fails, you can design your application so that an instance in another Availability Zone can handle requests.",
    "category": "Uncategorized",
    "correct_answers": [
      "Deploy into multiple availability zones"
    ],
    "timestamp_in_video": "00:48:31.992"
  },
  {
    "id": 48,
    "question": "Which of the following are recommended security measures when creating access to an AWS account ?",
    "options": [
      "Grant admin privilege access.",
      "Grant least privilege access.",
      "Enable AWS CloudTrail.",
      "Enable Multi-Factor Authentication (MFA)."
    ],
    "explanation": "",
    "category": "Uncategorized",
    "correct_answers": [
      "Grant least privilege access.",
      "Enable Multi-Factor Authentication (MFA)."
    ],
    "timestamp_in_video": "00:49:32.010"
  },
  {
    "id": 49,
    "question": "Which of the following is NOT an attribute to the costing of using the AWS simple storage service (AWS S3) ?",
    "options": [
      "Number of S3 buckets",
      "Storage class",
      "Requests and data retrievals",
      "Data Transfer OUT From Amazon S3 to Internet"
    ],
    "explanation": "Reference : ttps://aws.amazon.com/s3/pricing/",
    "category": "Uncategorized",
    "correct_answers": [
      "Number of S3 buckets"
    ],
    "timestamp_in_video": "00:50:32.070"
  },
  {
    "id": 50,
    "question": "Which of the following scenarios is an example of vertical scaling ?",
    "options": [
      "Adding more EC2 instances AWS via auto scaling feature.",
      "Increasing the capacity of an EC2 instance.",
      "Decreasing the capacity of an EC2 instance.",
      "Enabling parallel execution of workloads and distributing those across many different computers."
    ],
    "explanation": "Reference :",
    "category": "Uncategorized",
    "correct_answers": [
      "Increasing the capacity of an EC2 instance."
    ],
    "timestamp_in_video": "00:51:32.089"
  },
  {
    "id": 51,
    "question": "A.",
    "options": [
      "",
      "Cc. Dz. Enterprise Business Developer Basic"
    ],
    "explanation": "Reference : ittps://aws.al .com mium: rt/| Which AWS support plan offers a response time less than 1 hour for production system downs, and less than 15 minutes for business critical system downs : ns.",
    "category": "Uncategorized",
    "correct_answers": [
      ""
    ],
    "timestamp_in_video": "00:52:32.107"
  },
  {
    "id": 52,
    "question": "Which of the following is an AWS data transfer service used to to migrate o transport exabyte-scale data sets into and out of AWS ?",
    "options": [
      "",
      "Cc.",
      "AWS Snowball AWS Direct Connect AWS Storage Gateway AWS Snowmobile"
    ],
    "explanation": "Reference : ://myrestrainii",
    "category": "Uncategorized",
    "correct_answers": [],
    "timestamp_in_video": "00:53:32.125"
  },
  {
    "id": 53,
    "question": "Which AWS service you should use to have an overview of your Reserved Instances utilization, and calculations about recommended Reserved Instances that could save you money if you purchase them ?",
    "options": [
      "AWS Simple Monthly Calculator",
      "AWS Trusted Advisor",
      "AWS Personal Health Dashboard",
      "AWS Cost Explorer"
    ],
    "explanation": "Reference : https://myrestraining.com/aws/aws-certified-cloud-practitioner/aws-cost-explorer/",
    "category": "Uncategorized",
    "correct_answers": [
      "AWS Cost Explorer"
    ],
    "timestamp_in_video": "00:54:32.185"
  },
  {
    "id": 54,
    "question": "A company has an application that must be globally available at all times. Which is of the following deployment mechanisms it should use ?",
    "options": [
      "Deployment to multiple Availability Zones",
      "Deployment to multiple Regions",
      "Deployment using CodeDeploy as it manages by default applications availability globally.",
      "Deployment to multiple edge locations"
    ],
    "explanation": "",
    "category": "Uncategorized",
    "correct_answers": [
      "Deployment to multiple Regions"
    ],
    "timestamp_in_video": "00:55:32.203"
  },
  {
    "id": 55,
    "question": "Which of the following statements are true ? (Choose Two)",
    "options": [
      "Security groups are stateless : This means any changes applied to an incoming rule will not be applied to the outgoing rule.",
      "Network ACLs (Network Access Control Lists) are stateless : This means any changes applied to an incoming rule will not be applied to the outgoing rule.",
      "Security groups support allow and deny rules",
      "Network ACLs (Network Access Control Lists) support allow and deny rules."
    ],
    "explanation": "Reference :",
    "category": "Uncategorized",
    "correct_answers": [
      "Network ACLs (Network Access Control Lists) are stateless : This means any changes applied to an incoming rule will not be applied to the outgoing rule.",
      "Network ACLs (Network Access Control Lists) support allow and deny rules."
    ],
    "timestamp_in_video": "00:56:32.222"
  },
  {
    "id": 56,
    "question": "Which of the following is an AWS way to help companies reduce their IT costs when they host their resources in the AWS Cloud ?",
    "options": [
      "AWS continually reduces the pricing of cloud computing",
      "AWS handles security so companies don\u2019t need to think about it",
      "AWS allows companies to connect their on-premises infrastructure to the AWS cloud services",
      "AWS offers regularly pricing promotions on its cloud services"
    ],
    "explanation": "Explanation : The massive scale at which AWS operates also benefits their customers \u2014 AWS continually reduce the pricing of its services.",
    "category": "Uncategorized",
    "correct_answers": [
      "AWS continually reduces the pricing of cloud computing"
    ],
    "timestamp_in_video": "00:57:32.240"
  },
  {
    "id": 57,
    "question": "Acompany is looking for help to build a secure and high performing application infrastructure using the latest AWS architectural best practices. Which of the following can provide guidance for free ?",
    "options": [
      "Contact an AWS consulting partner",
      "Open a ticket with AWS Managed Services",
      "Use the AWS Well-Architected Tool",
      "Open a case with AWS Support"
    ],
    "explanation": "Reference :",
    "category": "Uncategorized",
    "correct_answers": [
      "Use the AWS Well-Architected Tool"
    ],
    "timestamp_in_video": "00:58:32.300"
  },
  {
    "id": 58,
    "question": "Under the AWS shared responsibility model, which of the following is not a shared control ?",
    "options": [
      "Patch management",
      "Configuration management",
      "Physical protection and security of infrastructure",
      "Awareness and training"
    ],
    "explanation": "",
    "category": "Uncategorized",
    "correct_answers": [
      "Physical protection and security of infrastructure"
    ],
    "timestamp_in_video": "00:59:32.277"
  },
  {
    "id": 59,
    "question": "Which of the following is used to manage billing and payment for multiple AWS accounts under one master (payer) account ?",
    "options": [
      "",
      "Cc.",
      "AWS IAM Centered Billing AWS Budgets Consolidated Billing"
    ],
    "explanation": "Reference :",
    "category": "Uncategorized",
    "correct_answers": [],
    "timestamp_in_video": "01:00:32.337"
  },
  {
    "id": 60,
    "question": "Which of the following statements related to Spot Instances are true ?",
    "options": [
      "_ If your spot instance is stopped by Amazon in the first instance hour, you will be charged to the nearest second.",
      "_ If your spot instance is stopped by Amazon in the first instance hour, you will not be charged for that usage.",
      "For any subsequent hour (after the first instance hour), If you are running on Windows and you terminate the instance yourself, you will be charged to the nearest second.",
      "For any subsequent hour (after the first instance hour), If you are running on Windows and you terminate the instance yourself, you will be charged for an entire hour."
    ],
    "explanation": "Reference : https:",
    "category": "Uncategorized",
    "correct_answers": [
      "_ If your spot instance is stopped by Amazon in the first instance hour, you will not be charged for that usage.",
      "For any subsequent hour (after the first instance hour), If you are running on Windows and you terminate the instance yourself, you will be charged for an entire hour."
    ],
    "timestamp_in_video": "01:01:32.355"
  },
  {
    "id": 61,
    "question": "Which AWS security service assesses applications to improve their security and compliance ?",
    "options": [
      "AWS Service Health Dashboard",
      "AWS X-Ray",
      "AWS Inspector",
      "AWS Trusted Advisor"
    ],
    "explanation": "Reference : Amazon Inspector is an automated security assessment service that helps improve the security and compliance of applications deployed on AWS. Amazon Inspector automatically assesses applications for exposure, vulnerabilities, and deviations from best practices.",
    "category": "Uncategorized",
    "correct_answers": [
      "AWS Inspector"
    ],
    "timestamp_in_video": "01:02:32.415"
  },
  {
    "id": 62,
    "question": "Which HTTP code indicates successful upload of an object to Amazon S3 ?",
    "options": [
      "400",
      "300",
      "200",
      "100"
    ],
    "explanation": "",
    "category": "Uncategorized",
    "correct_answers": [
      "200"
    ],
    "timestamp_in_video": "01:03:02.403"
  },
  {
    "id": 63,
    "question": "Which of the following is how AWS Lambda pricing works ?",
    "options": [
      "Th customer pays an upfront price for a 1 year contract.",
      "The customer is charged based on the number of requests for Lambda functions and the duration it takes for the code to execute.",
      "The customer is charged based only on the number of requests for Lambda functions.",
      "The customer is charged based only on the duration it takes for the code lambda function to execute."
    ],
    "explanation": "Explanation : With AWS Lambda, you pay only for what you use. You are charged based on the number of requests for your functions and the duration, the time it takes for your code to execute.",
    "category": "Uncategorized",
    "correct_answers": [
      "The customer is charged based on the number of requests for Lambda functions and the duration it takes for the code to execute."
    ],
    "timestamp_in_video": "01:04:32.451"
  },
  {
    "id": 64,
    "question": "A company is planning to host a highly business critical application on the the AWS cloud. Which AWS support plan will enable the company to have a response time less than 20 minutes for critical issues ?",
    "options": [
      "Basic",
      "Developer",
      "Business",
      "Enterprise"
    ],
    "explanation": "Reference : https://aws.amazon.com/premiumsupport/plans/",
    "category": "Uncategorized",
    "correct_answers": [
      "Enterprise"
    ],
    "timestamp_in_video": "01:05:32.470"
  },
  {
    "id": 65,
    "question": "Under the AWS Well architected Framework Pillars, which of the following is a design principle for Operational Excellence ?",
    "options": [
      "Apply security at all layers",
      "Stop guessing capacity",
      "Go global in minutes",
      "Learn from all operational failures"
    ],
    "explanation": "Reference : https://aws.amazon.com/blogs/apn/the-5-pillars-of-the-aws-well-architected-framework",
    "category": "Uncategorized",
    "correct_answers": [
      "Learn from all operational failures"
    ],
    "timestamp_in_video": "01:05:32.470"
  }
]